{"C":0.03507330188129257,"B":0.04744535489903974,"wa":0.5390287340078134,"ΩM":0.013390893719819483,"H0":1.657658009109876,"A":0.010844904361512702,"σ8":0.008601147227788444,"D":0.005995321193279682,"ΩB":0.002782230194265594,"ns":0.0059360408248406256,"w0":0.1610500564717479}
