{"C":0.030197662777109054,"B":0.04498878477701582,"wa":0.5168793126823708,"ΩM":0.012458017366106628,"H0":1.613516549281479,"A":0.010599469951506476,"σ8":0.008154941005812294,"D":0.004720858805804155,"ΩB":0.00266904454327379,"ns":0.005552377727748226,"w0":0.1528770095606535}
