{"ηIA":2.191508463378895,"ΩB":0.02256987601226854,"βIA":0.9266923725425185,"ns":0.028864352988718804,"wa":0.47673806363979354,"ΩM":0.01239812022052368,"σ8":0.011823320463522786,"w0":0.14381618657874098,"𝓐IA":3.4562576129153526,"H0":13.175194242347473}
