{"ηIA":2.205642482742499,"ΩB":0.022550067785910812,"βIA":0.9264447034718317,"ns":0.028739886599867818,"wa":0.4810119277936321,"ΩM":0.02023084422093439,"σ8":0.01529927184381169,"w0":0.16780333250789253,"𝓐IA":3.468024934622483,"H0":13.591821258411905}
