{"C":0.035622515565734314,"B":0.05344209804253502,"wa":0.521108426219638,"ΩM":0.012619856100136943,"H0":2.0500744359211667,"A":0.010651472241875534,"σ8":0.007788962940330814,"D":0.006002189394896389,"ΩB":0.002963550670298251,"ns":0.0055650655722087276,"w0":0.1495565861145343}