{"ηIA":1.5952563045499026,"ΩB":0.017644763863137555,"βIA":0.6770909806043964,"ns":0.022512083656791613,"wa":0.33644117279878316,"ΩM":0.007876056042880384,"σ8":0.008053109367840594,"w0":0.09802473050815591,"𝓐IA":2.52019209021568,"H0":10.22955164366232}