{"C":0.032992792083481166,"B":0.05227662669424687,"wa":0.45635423514659634,"ΩM":0.0089672186771266,"H0":1.841944124580501,"A":0.009684663992086423,"σ8":0.005732079588212328,"D":0.005365759739996564,"ΩB":0.002683393679795219,"ns":0.004976976876769536,"w0":0.1223591241150195}