{"C":0.03562299778819596,"B":0.05344231017621336,"wa":0.5211097031000297,"ΩM":0.012619936848442362,"H0":2.0500804429306307,"A":0.010651508964299427,"σ8":0.0077890097726602495,"D":0.006002307530826863,"ΩB":0.002963557214918811,"ns":0.005565080225086177,"w0":0.14955713508119195}