{"ηIA":1.5952560982302342,"ΩB":0.017644763126637063,"βIA":0.6770909247073161,"ns":0.022512076536410835,"wa":0.3364406708902572,"ΩM":0.007876027025777454,"σ8":0.008053091270619855,"w0":0.0980245617883596,"𝓐IA":2.520191808275431,"H0":10.229551078716842}