{"C":0.032993596852026484,"B":0.052277032491710264,"wa":0.45638485917348276,"ΩM":0.008968770554234007,"H0":1.8420224702258086,"A":0.009684977453779225,"σ8":0.0057328428022305755,"D":0.005365955513401626,"ΩB":0.0026834938816399337,"ns":0.004977199882518021,"w0":0.1223710184335148}