{"ηIA":1.5974610016877717,"ΩB":0.017662390312435248,"βIA":0.6774572448959979,"ns":0.02268623493288582,"wa":0.34349788572066303,"ΩM":0.008531621579041065,"σ8":0.008396218469814516,"w0":0.10117933013010912,"𝓐IA":2.5227648300685863,"H0":10.24710711274343}