{"ηIA":1.5974611874674023,"ΩB":0.017662390834160144,"βIA":0.6774573006378126,"ns":0.02268624002188062,"wa":0.34349835615025115,"ΩM":0.00853164141628292,"σ8":0.008396232730972002,"w0":0.10117945702557586,"𝓐IA":2.5227650926842413,"H0":10.24710741374767}